{"cameraMode":{"drawMode":0,"name":"Shaded","section":"Shading Mode"},"sceneLighting":true,"audioPlay":false,"sceneViewState":{"m_AlwaysRefresh":false,"showFog":true,"showSkybox":true,"showFlares":true,"showImageEffects":true,"showParticleSystems":true,"showVisualEffectGraphs":true,"m_FxEnabled":true},"in2DMode":false,"pivot":{"x":-3.380000114440918,"y":1.5399999618530274,"z":-3.3499999046325685},"rotation":{"x":0.36681413650512698,"y":0.008930573239922524,"z":-0.003521490376442671,"w":0.9302455186843872},"size":3.8097212314605715,"orthographic":true}