{"cameraMode":{"drawMode":0,"name":"Shaded","section":"Shading Mode"},"sceneLighting":false,"audioPlay":false,"sceneViewState":{"m_AlwaysRefresh":false,"showFog":true,"showSkybox":false,"showFlares":true,"showImageEffects":true,"showParticleSystems":true,"showVisualEffectGraphs":true,"m_FxEnabled":true},"in2DMode":false,"pivot":{"x":3.6078670024871828,"y":3.221522331237793,"z":-3.674891948699951},"rotation":{"x":0.004239946138113737,"y":-0.9951043725013733,"z":0.08559983223676682,"w":0.04930439591407776},"size":3.912975311279297,"orthographic":false}