{"cameraMode":{"drawMode":0,"name":"Shaded","section":"Shading Mode"},"sceneLighting":false,"audioPlay":false,"sceneViewState":{"m_AlwaysRefresh":false,"showFog":true,"showSkybox":false,"showFlares":true,"showImageEffects":true,"showParticleSystems":true,"showVisualEffectGraphs":true,"m_FxEnabled":true},"in2DMode":false,"pivot":{"x":-1.1170592308044434,"y":0.34597820043563845,"z":0.9655410647392273},"rotation":{"x":-0.16451245546340943,"y":-0.6545171141624451,"z":0.14898300170898438,"w":-0.7227402925491333},"size":2.275426149368286,"orthographic":false}