{"cameraMode":{"drawMode":0,"name":"Shaded","section":"Shading Mode"},"sceneLighting":false,"audioPlay":false,"sceneViewState":{"m_AlwaysRefresh":false,"showFog":true,"showSkybox":false,"showFlares":true,"showImageEffects":true,"showParticleSystems":true,"showVisualEffectGraphs":true,"m_FxEnabled":true},"in2DMode":false,"pivot":{"x":0.3565094470977783,"y":-0.35157978534698489,"z":-1.3399720191955567},"rotation":{"x":-0.18167974054813386,"y":-0.49975118041038515,"z":0.10809154063463211,"w":-0.8399789333343506},"size":1.934110403060913,"orthographic":false}